{"cameraMode":{"drawMode":0,"name":"Shaded","section":"Shading Mode"},"sceneLighting":false,"audioPlay":false,"sceneViewState":{"m_AlwaysRefresh":false,"showFog":false,"showSkybox":false,"showFlares":false,"showImageEffects":false,"showParticleSystems":false,"showVisualEffectGraphs":true,"m_FxEnabled":true},"in2DMode":false,"pivot":{"x":-0.10853053629398346,"y":0.7231315970420837,"z":-0.9962954521179199},"rotation":{"x":-0.005722035188227892,"y":0.9650254249572754,"z":-0.26117610931396487,"w":-0.021120455116033555},"size":0.8518317937850952,"orthographic":false}